[
  {
    "name": "ABHISHEK KUMAR",
    "registrationNo": "INA100008045",
    "email": "abhishekk@sahajmoney.com",
    "telephone": "918861764646",
    "address": "H-301, Umang Winter Hills, Metro Pillar 768, Dwarka Mor, Sewak Park, DELHI, 110059",
    "contactPerson": "Abhishek Kumar",
    "correspondenceAddress": "H-301, Umang Winter Hills, Metro Pillar 768, Dwarka Mor, Sewak Park, DELHI, 110059",
    "validity": "Jul 13, 2017 - Perpetual"
  },
  {
    "name": "Abakkus Asset Manager Private Limited",
    "registrationNo": "INA100008025",
    "email": "info@abakkusam.com",
    "telephone": "912233445566",
    "address": "502, A Wing, Marathon Futurex, Lower Parel, MUMBAI, 400013",
    "contactPerson": "Sunil Sharma",
    "correspondenceAddress": "502, A Wing, Marathon Futurex, Lower Parel, MUMBAI, 400013",
    "validity": "Aug 20, 2018 - Perpetual"
  },
  {
    "name": "Ritika Financial Services",
    "registrationNo": "INA100009111",
    "email": "ritika@rfservices.in",
    "telephone": "919812345678",
    "address": "23/7, MG Road, BENGALURU, 560001",
    "contactPerson": "Ritika Singh",
    "correspondenceAddress": "23/7, MG Road, BENGALURU, 560001",
    "validity": "Jan 5, 2019 - Dec 31, 2029"
  },
  {
    "name": "Arjun Wealth Advisors LLP",
    "registrationNo": "INA100009222",
    "email": "arjun@wealthadvisors.com",
    "telephone": "918765432190",
    "address": "B-104, Green Park, NEW DELHI, 110016",
    "contactPerson": "Arjun Mehra",
    "correspondenceAddress": "B-104, Green Park, NEW DELHI, 110016",
    "validity": "Oct 12, 2020 - Perpetual"
  },
  {
    "name": "Shreya Investments",
    "registrationNo": "INA100009333",
    "email": "shreya@investments.com",
    "telephone": "917845612390",
    "address": "Flat 7A, Silver Heights, Pune, 411001",
    "contactPerson": "Shreya Patil",
    "correspondenceAddress": "Flat 7A, Silver Heights, Pune, 411001",
    "validity": "Feb 15, 2021 - Feb 15, 2031"
  },
  {
    "name": "NextGen Capital Advisors",
    "registrationNo": "INA100009444",
    "email": "contact@nextgenadvisors.in",
    "telephone": "919911223344",
    "address": "801, Tower 2, Cyber Hub, Gurugram, 122002",
    "contactPerson": "Nikhil Rao",
    "correspondenceAddress": "801, Tower 2, Cyber Hub, Gurugram, 122002",
    "validity": "May 1, 2021 - Perpetual"
  },
  {
    "name": "Mansi Gupta",
    "registrationNo": "INA100009555",
    "email": "mansi.gupta@finserve.com",
    "telephone": "918888444777",
    "address": "D-22, Greater Kailash, NEW DELHI, 110048",
    "contactPerson": "Mansi Gupta",
    "correspondenceAddress": "D-22, Greater Kailash, NEW DELHI, 110048",
    "validity": "Mar 11, 2022 - Perpetual"
  },
  {
    "name": "Visionary Finance Pvt Ltd",
    "registrationNo": "INA100009666",
    "email": "support@visionaryfinance.com",
    "telephone": "917700112233",
    "address": "15th Floor, Tech Park, Hyderabad, 500081",
    "contactPerson": "Rajeev Menon",
    "correspondenceAddress": "15th Floor, Tech Park, Hyderabad, 500081",
    "validity": "Sep 14, 2019 - Sep 14, 2029"
  },
  {
    "name": "Priya Sharma",
    "registrationNo": "INA100009777",
    "email": "priya.sharma@wealthguide.in",
    "telephone": "919822334455",
    "address": "Flat 402, Lake View Apartments, Ahmedabad, 380015",
    "contactPerson": "Priya Sharma",
    "correspondenceAddress": "Flat 402, Lake View Apartments, Ahmedabad, 380015",
    "validity": "Jul 21, 2018 - Jul 21, 2028"
  },
  {
    "name": "FutureGrowth Advisors",
    "registrationNo": "INA100009888",
    "email": "info@futuregrowth.in",
    "telephone": "917755443322",
    "address": "10, Connaught Place, NEW DELHI, 110001",
    "contactPerson": "Kunal Kapoor",
    "correspondenceAddress": "10, Connaught Place, NEW DELHI, 110001",
    "validity": "Nov 3, 2020 - Perpetual"
  }
]
